--------------------------------------------------------
--  File created - Tuesday-June-06-2017   
--------------------------------------------------------
--------------------------------------------------------
--  DDL for Table PARKING_ENTRY_EXIT
--------------------------------------------------------

  CREATE TABLE "HR"."PARKING_ENTRY_EXIT" 
   (	"PARKING_ID" NUMBER(8,0), 
	"SLOT_ID" NUMBER(3,0), 
	"VEHICLE_REG_NO" VARCHAR2(40 BYTE), 
	"DRIVER_MOBILE" NUMBER(10,0), 
	"ENTRY_TIME" TIMESTAMP (6), 
	"EXIT_TIME" TIMESTAMP (6), 
	"BILL_AMOUNT" NUMBER(6,0), 
	"PAYMENT_MODE" VARCHAR2(20 BYTE), 
	"REGISTRATION_ID" VARCHAR2(20 BYTE)
   ) SEGMENT CREATION IMMEDIATE 
  PCTFREE 10 PCTUSED 40 INITRANS 1 MAXTRANS 255 NOCOMPRESS LOGGING
  STORAGE(INITIAL 65536 NEXT 1048576 MINEXTENTS 1 MAXEXTENTS 2147483645
  PCTINCREASE 0 FREELISTS 1 FREELIST GROUPS 1 BUFFER_POOL DEFAULT FLASH_CACHE DEFAULT CELL_FLASH_CACHE DEFAULT)
  TABLESPACE "USERS" ;
--------------------------------------------------------
--  DDL for Table PARKING_RATES
--------------------------------------------------------

  CREATE TABLE "HR"."PARKING_RATES" 
   (	"VEHICLE_TYPE" VARCHAR2(20 BYTE), 
	"RATE_PER_HOUR" NUMBER(4,0)
   ) SEGMENT CREATION IMMEDIATE 
  PCTFREE 10 PCTUSED 40 INITRANS 1 MAXTRANS 255 NOCOMPRESS LOGGING
  STORAGE(INITIAL 65536 NEXT 1048576 MINEXTENTS 1 MAXEXTENTS 2147483645
  PCTINCREASE 0 FREELISTS 1 FREELIST GROUPS 1 BUFFER_POOL DEFAULT FLASH_CACHE DEFAULT CELL_FLASH_CACHE DEFAULT)
  TABLESPACE "USERS" ;
--------------------------------------------------------
--  DDL for Table PARKING_SLOTS
--------------------------------------------------------

  CREATE TABLE "HR"."PARKING_SLOTS" 
   (	"SLOT_ID" NUMBER(3,0), 
	"VEHICLE_TYPE" VARCHAR2(30 BYTE), 
	"STATUS" VARCHAR2(30 BYTE), 
	"FLOOR" VARCHAR2(30 BYTE)
   ) SEGMENT CREATION IMMEDIATE 
  PCTFREE 10 PCTUSED 40 INITRANS 1 MAXTRANS 255 NOCOMPRESS LOGGING
  STORAGE(INITIAL 65536 NEXT 1048576 MINEXTENTS 1 MAXEXTENTS 2147483645
  PCTINCREASE 0 FREELISTS 1 FREELIST GROUPS 1 BUFFER_POOL DEFAULT FLASH_CACHE DEFAULT CELL_FLASH_CACHE DEFAULT)
  TABLESPACE "USERS" ;
--------------------------------------------------------
--  DDL for Table PACKAGE_REGN
--------------------------------------------------------

  CREATE TABLE "HR"."PACKAGE_REGN" 
   (	"REGISTRATION_ID" NUMBER(6,0), 
	"CUSTOMER_NAME" VARCHAR2(20 BYTE), 
	"VEHICLE_REG_NO" VARCHAR2(20 BYTE), 
	"DRIVER_MOBILE" NUMBER(10,0), 
	"VALID_UPTO" DATE, 
	"VEHICLE_TYPE" VARCHAR2(20 BYTE), 
	"PRICE" NUMBER(30,0)
   ) SEGMENT CREATION IMMEDIATE 
  PCTFREE 10 PCTUSED 40 INITRANS 1 MAXTRANS 255 NOCOMPRESS LOGGING
  STORAGE(INITIAL 65536 NEXT 1048576 MINEXTENTS 1 MAXEXTENTS 2147483645
  PCTINCREASE 0 FREELISTS 1 FREELIST GROUPS 1 BUFFER_POOL DEFAULT FLASH_CACHE DEFAULT CELL_FLASH_CACHE DEFAULT)
  TABLESPACE "USERS" ;
--------------------------------------------------------
--  DDL for Table REGD_USERS
--------------------------------------------------------

  CREATE TABLE "HR"."REGD_USERS" 
   (	"USERNAME" VARCHAR2(30 BYTE), 
	"PASSWORD" VARCHAR2(30 BYTE), 
	"ROLE" VARCHAR2(30 BYTE), 
	"FULLNAME" VARCHAR2(30 BYTE)
   ) SEGMENT CREATION IMMEDIATE 
  PCTFREE 10 PCTUSED 40 INITRANS 1 MAXTRANS 255 NOCOMPRESS LOGGING
  STORAGE(INITIAL 65536 NEXT 1048576 MINEXTENTS 1 MAXEXTENTS 2147483645
  PCTINCREASE 0 FREELISTS 1 FREELIST GROUPS 1 BUFFER_POOL DEFAULT FLASH_CACHE DEFAULT CELL_FLASH_CACHE DEFAULT)
  TABLESPACE "USERS" ;
REM INSERTING into HR.PARKING_ENTRY_EXIT
SET DEFINE OFF;
Insert into HR.PARKING_ENTRY_EXIT (PARKING_ID,SLOT_ID,VEHICLE_REG_NO,DRIVER_MOBILE,ENTRY_TIME,EXIT_TIME,BILL_AMOUNT,PAYMENT_MODE,REGISTRATION_ID) values (225,331,'abc123',7123456789,to_timestamp('30-05-17 08:36:19.924000000 PM','DD-MM-RR HH12:MI:SSXFF AM'),to_timestamp('30-05-17 08:37:17.864000000 PM','DD-MM-RR HH12:MI:SSXFF AM'),0,'CARD','0');
Insert into HR.PARKING_ENTRY_EXIT (PARKING_ID,SLOT_ID,VEHICLE_REG_NO,DRIVER_MOBILE,ENTRY_TIME,EXIT_TIME,BILL_AMOUNT,PAYMENT_MODE,REGISTRATION_ID) values (239,142,'AP0972',7123456789,to_timestamp('31-05-17 10:49:30.030000000 AM','DD-MM-RR HH12:MI:SSXFF AM'),to_timestamp('31-05-17 02:25:24.816000000 PM','DD-MM-RR HH12:MI:SSXFF AM'),45,'CARD','0');
Insert into HR.PARKING_ENTRY_EXIT (PARKING_ID,SLOT_ID,VEHICLE_REG_NO,DRIVER_MOBILE,ENTRY_TIME,EXIT_TIME,BILL_AMOUNT,PAYMENT_MODE,REGISTRATION_ID) values (230,149,'ts 123 ad 1223',8787988913,to_timestamp('30-05-17 11:33:16.311000000 PM','DD-MM-RR HH12:MI:SSXFF AM'),to_timestamp('31-05-17 08:46:05.304000000 AM','DD-MM-RR HH12:MI:SSXFF AM'),135,'CARD','0');
Insert into HR.PARKING_ENTRY_EXIT (PARKING_ID,SLOT_ID,VEHICLE_REG_NO,DRIVER_MOBILE,ENTRY_TIME,EXIT_TIME,BILL_AMOUNT,PAYMENT_MODE,REGISTRATION_ID) values (247,141,'kbf8634',7123456789,to_timestamp('31-05-17 10:53:25.541000000 AM','DD-MM-RR HH12:MI:SSXFF AM'),to_timestamp('31-05-17 02:26:08.978000000 PM','DD-MM-RR HH12:MI:SSXFF AM'),45,'CARD','0');
Insert into HR.PARKING_ENTRY_EXIT (PARKING_ID,SLOT_ID,VEHICLE_REG_NO,DRIVER_MOBILE,ENTRY_TIME,EXIT_TIME,BILL_AMOUNT,PAYMENT_MODE,REGISTRATION_ID) values (272,200,'ap 23 ad 245',9177012889,to_timestamp('31-05-17 02:19:40.831000000 PM','DD-MM-RR HH12:MI:SSXFF AM'),null,null,null,null);
Insert into HR.PARKING_ENTRY_EXIT (PARKING_ID,SLOT_ID,VEHICLE_REG_NO,DRIVER_MOBILE,ENTRY_TIME,EXIT_TIME,BILL_AMOUNT,PAYMENT_MODE,REGISTRATION_ID) values (301,148,'ts34ad2312',7188888888,to_timestamp('31-05-17 10:12:10.911000000 PM','DD-MM-RR HH12:MI:SSXFF AM'),to_timestamp('31-05-17 10:13:29.998000000 PM','DD-MM-RR HH12:MI:SSXFF AM'),0,'CARD','0');
Insert into HR.PARKING_ENTRY_EXIT (PARKING_ID,SLOT_ID,VEHICLE_REG_NO,DRIVER_MOBILE,ENTRY_TIME,EXIT_TIME,BILL_AMOUNT,PAYMENT_MODE,REGISTRATION_ID) values (305,148,'ts34ad2312',9177012889,to_timestamp('31-05-17 10:13:51.276000000 PM','DD-MM-RR HH12:MI:SSXFF AM'),null,null,null,null);
Insert into HR.PARKING_ENTRY_EXIT (PARKING_ID,SLOT_ID,VEHICLE_REG_NO,DRIVER_MOBILE,ENTRY_TIME,EXIT_TIME,BILL_AMOUNT,PAYMENT_MODE,REGISTRATION_ID) values (319,307,'asdf',7123456789,to_timestamp('01-06-17 12:46:30.159000000 PM','DD-MM-RR HH12:MI:SSXFF AM'),to_timestamp('01-06-17 12:47:33.790000000 PM','DD-MM-RR HH12:MI:SSXFF AM'),30,'PACKAGE','0');
Insert into HR.PARKING_ENTRY_EXIT (PARKING_ID,SLOT_ID,VEHICLE_REG_NO,DRIVER_MOBILE,ENTRY_TIME,EXIT_TIME,BILL_AMOUNT,PAYMENT_MODE,REGISTRATION_ID) values (309,134,'BR007B7',9876543210,to_timestamp('31-05-17 10:45:24.281000000 PM','DD-MM-RR HH12:MI:SSXFF AM'),to_timestamp('31-05-17 10:45:49.776000000 PM','DD-MM-RR HH12:MI:SSXFF AM'),15,'PACKAGE','0');
Insert into HR.PARKING_ENTRY_EXIT (PARKING_ID,SLOT_ID,VEHICLE_REG_NO,DRIVER_MOBILE,ENTRY_TIME,EXIT_TIME,BILL_AMOUNT,PAYMENT_MODE,REGISTRATION_ID) values (323,345,'ap06dc2333',9812376541,to_timestamp('01-06-17 09:54:51.163000000 PM','DD-MM-RR HH12:MI:SSXFF AM'),null,null,null,null);
Insert into HR.PARKING_ENTRY_EXIT (PARKING_ID,SLOT_ID,VEHICLE_REG_NO,DRIVER_MOBILE,ENTRY_TIME,EXIT_TIME,BILL_AMOUNT,PAYMENT_MODE,REGISTRATION_ID) values (324,145,'ts6789',9177019980,to_timestamp('01-06-17 09:57:07.128000000 PM','DD-MM-RR HH12:MI:SSXFF AM'),null,null,null,null);
Insert into HR.PARKING_ENTRY_EXIT (PARKING_ID,SLOT_ID,VEHICLE_REG_NO,DRIVER_MOBILE,ENTRY_TIME,EXIT_TIME,BILL_AMOUNT,PAYMENT_MODE,REGISTRATION_ID) values (232,149,'bn 123 ab 2334',9817701288,to_timestamp('31-05-17 08:50:13.546000000 AM','DD-MM-RR HH12:MI:SSXFF AM'),null,null,null,null);
Insert into HR.PARKING_ENTRY_EXIT (PARKING_ID,SLOT_ID,VEHICLE_REG_NO,DRIVER_MOBILE,ENTRY_TIME,EXIT_TIME,BILL_AMOUNT,PAYMENT_MODE,REGISTRATION_ID) values (245,142,'kbf8634',7123456789,to_timestamp('31-05-17 10:50:25.783000000 AM','DD-MM-RR HH12:MI:SSXFF AM'),null,null,null,null);
Insert into HR.PARKING_ENTRY_EXIT (PARKING_ID,SLOT_ID,VEHICLE_REG_NO,DRIVER_MOBILE,ENTRY_TIME,EXIT_TIME,BILL_AMOUNT,PAYMENT_MODE,REGISTRATION_ID) values (235,333,'ap 78 tg 123',4444444444,to_timestamp('31-05-17 09:02:38.750000000 AM','DD-MM-RR HH12:MI:SSXFF AM'),to_timestamp('01-06-17 12:43:53.922000000 PM','DD-MM-RR HH12:MI:SSXFF AM'),120,'CARD','0');
Insert into HR.PARKING_ENTRY_EXIT (PARKING_ID,SLOT_ID,VEHICLE_REG_NO,DRIVER_MOBILE,ENTRY_TIME,EXIT_TIME,BILL_AMOUNT,PAYMENT_MODE,REGISTRATION_ID) values (256,103,'AP0987',3219839712,to_timestamp('31-05-17 11:49:10.516000000 AM','DD-MM-RR HH12:MI:SSXFF AM'),null,null,null,null);
Insert into HR.PARKING_ENTRY_EXIT (PARKING_ID,SLOT_ID,VEHICLE_REG_NO,DRIVER_MOBILE,ENTRY_TIME,EXIT_TIME,BILL_AMOUNT,PAYMENT_MODE,REGISTRATION_ID) values (289,120,'abc123',7123456789,to_timestamp('31-05-17 05:22:50.958000000 PM','DD-MM-RR HH12:MI:SSXFF AM'),to_timestamp('01-06-17 11:35:16.835000000 AM','DD-MM-RR HH12:MI:SSXFF AM'),285,'CARD','0');
Insert into HR.PARKING_ENTRY_EXIT (PARKING_ID,SLOT_ID,VEHICLE_REG_NO,DRIVER_MOBILE,ENTRY_TIME,EXIT_TIME,BILL_AMOUNT,PAYMENT_MODE,REGISTRATION_ID) values (295,133,'ts 123 ad 12',7123456789,to_timestamp('31-05-17 05:28:31.431000000 PM','DD-MM-RR HH12:MI:SSXFF AM'),to_timestamp('01-06-17 11:33:16.318000000 AM','DD-MM-RR HH12:MI:SSXFF AM'),285,'CARD','0');
Insert into HR.PARKING_ENTRY_EXIT (PARKING_ID,SLOT_ID,VEHICLE_REG_NO,DRIVER_MOBILE,ENTRY_TIME,EXIT_TIME,BILL_AMOUNT,PAYMENT_MODE,REGISTRATION_ID) values (279,119,'abc123',9838348343,to_timestamp('31-05-17 04:19:59.494000000 PM','DD-MM-RR HH12:MI:SSXFF AM'),to_timestamp('31-05-17 04:48:33.640000000 PM','DD-MM-RR HH12:MI:SSXFF AM'),0,'CARD','0');
Insert into HR.PARKING_ENTRY_EXIT (PARKING_ID,SLOT_ID,VEHICLE_REG_NO,DRIVER_MOBILE,ENTRY_TIME,EXIT_TIME,BILL_AMOUNT,PAYMENT_MODE,REGISTRATION_ID) values (307,217,'1tr2yew1',9234567890,to_timestamp('31-05-17 10:38:42.981000000 PM','DD-MM-RR HH12:MI:SSXFF AM'),to_timestamp('31-05-17 10:39:41.636000000 PM','DD-MM-RR HH12:MI:SSXFF AM'),0,'CARD','0');
Insert into HR.PARKING_ENTRY_EXIT (PARKING_ID,SLOT_ID,VEHICLE_REG_NO,DRIVER_MOBILE,ENTRY_TIME,EXIT_TIME,BILL_AMOUNT,PAYMENT_MODE,REGISTRATION_ID) values (311,332,'ap02ts123',9177012778,to_timestamp('31-05-17 11:14:42.744000000 PM','DD-MM-RR HH12:MI:SSXFF AM'),to_timestamp('01-06-17 11:30:22.744000000 AM','DD-MM-RR HH12:MI:SSXFF AM'),390,'CARD','0');
Insert into HR.PARKING_ENTRY_EXIT (PARKING_ID,SLOT_ID,VEHICLE_REG_NO,DRIVER_MOBILE,ENTRY_TIME,EXIT_TIME,BILL_AMOUNT,PAYMENT_MODE,REGISTRATION_ID) values (322,234,'1234556',9087654356,to_timestamp('01-06-17 05:02:05.732000000 PM','DD-MM-RR HH12:MI:SSXFF AM'),to_timestamp('01-06-17 05:08:18.175000000 PM','DD-MM-RR HH12:MI:SSXFF AM'),30,'CASH','0');
Insert into HR.PARKING_ENTRY_EXIT (PARKING_ID,SLOT_ID,VEHICLE_REG_NO,DRIVER_MOBILE,ENTRY_TIME,EXIT_TIME,BILL_AMOUNT,PAYMENT_MODE,REGISTRATION_ID) values (318,303,'AP08KJ1324',7123456789,to_timestamp('01-06-17 12:41:11.642000000 PM','DD-MM-RR HH12:MI:SSXFF AM'),null,null,null,null);
Insert into HR.PARKING_ENTRY_EXIT (PARKING_ID,SLOT_ID,VEHICLE_REG_NO,DRIVER_MOBILE,ENTRY_TIME,EXIT_TIME,BILL_AMOUNT,PAYMENT_MODE,REGISTRATION_ID) values (320,304,'ts23de2334',9002334567,to_timestamp('01-06-17 04:42:44.672000000 PM','DD-MM-RR HH12:MI:SSXFF AM'),to_timestamp('01-06-17 04:44:09.680000000 PM','DD-MM-RR HH12:MI:SSXFF AM'),30,'CASH','0');
REM INSERTING into HR.PARKING_RATES
SET DEFINE OFF;
REM INSERTING into HR.PARKING_SLOTS
SET DEFINE OFF;
Insert into HR.PARKING_SLOTS (SLOT_ID,VEHICLE_TYPE,STATUS,FLOOR) values (100,'TWO','EMPTY','G');
Insert into HR.PARKING_SLOTS (SLOT_ID,VEHICLE_TYPE,STATUS,FLOOR) values (101,'TWO','EMPTY','G');
Insert into HR.PARKING_SLOTS (SLOT_ID,VEHICLE_TYPE,STATUS,FLOOR) values (102,'TWO','EMPTY','G');
Insert into HR.PARKING_SLOTS (SLOT_ID,VEHICLE_TYPE,STATUS,FLOOR) values (103,'TWO','PARKED','G');
Insert into HR.PARKING_SLOTS (SLOT_ID,VEHICLE_TYPE,STATUS,FLOOR) values (104,'TWO','EMPTY','G');
Insert into HR.PARKING_SLOTS (SLOT_ID,VEHICLE_TYPE,STATUS,FLOOR) values (105,'TWO','EMPTY','G');
Insert into HR.PARKING_SLOTS (SLOT_ID,VEHICLE_TYPE,STATUS,FLOOR) values (106,'TWO','EMPTY','G');
Insert into HR.PARKING_SLOTS (SLOT_ID,VEHICLE_TYPE,STATUS,FLOOR) values (107,'TWO','EMPTY','G');
Insert into HR.PARKING_SLOTS (SLOT_ID,VEHICLE_TYPE,STATUS,FLOOR) values (108,'TWO','EMPTY','G');
Insert into HR.PARKING_SLOTS (SLOT_ID,VEHICLE_TYPE,STATUS,FLOOR) values (109,'TWO','EMPTY','G');
Insert into HR.PARKING_SLOTS (SLOT_ID,VEHICLE_TYPE,STATUS,FLOOR) values (110,'TWO','EMPTY','G');
Insert into HR.PARKING_SLOTS (SLOT_ID,VEHICLE_TYPE,STATUS,FLOOR) values (111,'TWO','EMPTY','G');
Insert into HR.PARKING_SLOTS (SLOT_ID,VEHICLE_TYPE,STATUS,FLOOR) values (112,'TWO','EMPTY','G');
Insert into HR.PARKING_SLOTS (SLOT_ID,VEHICLE_TYPE,STATUS,FLOOR) values (113,'TWO','EMPTY','G');
Insert into HR.PARKING_SLOTS (SLOT_ID,VEHICLE_TYPE,STATUS,FLOOR) values (114,'TWO','BLOCKED','G');
Insert into HR.PARKING_SLOTS (SLOT_ID,VEHICLE_TYPE,STATUS,FLOOR) values (115,'TWO','EMPTY','G');
Insert into HR.PARKING_SLOTS (SLOT_ID,VEHICLE_TYPE,STATUS,FLOOR) values (116,'TWO','EMPTY','G');
Insert into HR.PARKING_SLOTS (SLOT_ID,VEHICLE_TYPE,STATUS,FLOOR) values (117,'TWO','EMPTY','G');
Insert into HR.PARKING_SLOTS (SLOT_ID,VEHICLE_TYPE,STATUS,FLOOR) values (118,'TWO','PARKED','G');
Insert into HR.PARKING_SLOTS (SLOT_ID,VEHICLE_TYPE,STATUS,FLOOR) values (119,'TWO','EMPTY','G');
Insert into HR.PARKING_SLOTS (SLOT_ID,VEHICLE_TYPE,STATUS,FLOOR) values (120,'TWO','EMPTY','G');
Insert into HR.PARKING_SLOTS (SLOT_ID,VEHICLE_TYPE,STATUS,FLOOR) values (121,'TWO','EMPTY','G');
Insert into HR.PARKING_SLOTS (SLOT_ID,VEHICLE_TYPE,STATUS,FLOOR) values (122,'TWO','EMPTY','G');
Insert into HR.PARKING_SLOTS (SLOT_ID,VEHICLE_TYPE,STATUS,FLOOR) values (123,'TWO','EMPTY','G');
Insert into HR.PARKING_SLOTS (SLOT_ID,VEHICLE_TYPE,STATUS,FLOOR) values (124,'TWO','EMPTY','G');
Insert into HR.PARKING_SLOTS (SLOT_ID,VEHICLE_TYPE,STATUS,FLOOR) values (125,'TWO','EMPTY','G');
Insert into HR.PARKING_SLOTS (SLOT_ID,VEHICLE_TYPE,STATUS,FLOOR) values (126,'TWO','EMPTY','G');
Insert into HR.PARKING_SLOTS (SLOT_ID,VEHICLE_TYPE,STATUS,FLOOR) values (127,'TWO','EMPTY','G');
Insert into HR.PARKING_SLOTS (SLOT_ID,VEHICLE_TYPE,STATUS,FLOOR) values (128,'TWO','EMPTY','G');
Insert into HR.PARKING_SLOTS (SLOT_ID,VEHICLE_TYPE,STATUS,FLOOR) values (129,'TWO','EMPTY','G');
Insert into HR.PARKING_SLOTS (SLOT_ID,VEHICLE_TYPE,STATUS,FLOOR) values (130,'TWO','EMPTY','G');
Insert into HR.PARKING_SLOTS (SLOT_ID,VEHICLE_TYPE,STATUS,FLOOR) values (131,'TWO','EMPTY','G');
Insert into HR.PARKING_SLOTS (SLOT_ID,VEHICLE_TYPE,STATUS,FLOOR) values (132,'TWO','EMPTY','G');
Insert into HR.PARKING_SLOTS (SLOT_ID,VEHICLE_TYPE,STATUS,FLOOR) values (133,'TWO','EMPTY','G');
Insert into HR.PARKING_SLOTS (SLOT_ID,VEHICLE_TYPE,STATUS,FLOOR) values (134,'TWO','EMPTY','G');
Insert into HR.PARKING_SLOTS (SLOT_ID,VEHICLE_TYPE,STATUS,FLOOR) values (135,'TWO','EMPTY','G');
Insert into HR.PARKING_SLOTS (SLOT_ID,VEHICLE_TYPE,STATUS,FLOOR) values (136,'TWO','EMPTY','G');
Insert into HR.PARKING_SLOTS (SLOT_ID,VEHICLE_TYPE,STATUS,FLOOR) values (137,'TWO','EMPTY','G');
Insert into HR.PARKING_SLOTS (SLOT_ID,VEHICLE_TYPE,STATUS,FLOOR) values (138,'TWO','EMPTY','G');
Insert into HR.PARKING_SLOTS (SLOT_ID,VEHICLE_TYPE,STATUS,FLOOR) values (139,'TWO','EMPTY','G');
Insert into HR.PARKING_SLOTS (SLOT_ID,VEHICLE_TYPE,STATUS,FLOOR) values (140,'TWO','EMPTY','G');
Insert into HR.PARKING_SLOTS (SLOT_ID,VEHICLE_TYPE,STATUS,FLOOR) values (141,'TWO','EMPTY','G');
Insert into HR.PARKING_SLOTS (SLOT_ID,VEHICLE_TYPE,STATUS,FLOOR) values (142,'TWO','EMPTY','G');
Insert into HR.PARKING_SLOTS (SLOT_ID,VEHICLE_TYPE,STATUS,FLOOR) values (143,'TWO','EMPTY','G');
Insert into HR.PARKING_SLOTS (SLOT_ID,VEHICLE_TYPE,STATUS,FLOOR) values (144,'TWO','EMPTY','G');
Insert into HR.PARKING_SLOTS (SLOT_ID,VEHICLE_TYPE,STATUS,FLOOR) values (145,'TWO','PARKED','G');
Insert into HR.PARKING_SLOTS (SLOT_ID,VEHICLE_TYPE,STATUS,FLOOR) values (146,'TWO','EMPTY','G');
Insert into HR.PARKING_SLOTS (SLOT_ID,VEHICLE_TYPE,STATUS,FLOOR) values (147,'TWO','PARKED','G');
Insert into HR.PARKING_SLOTS (SLOT_ID,VEHICLE_TYPE,STATUS,FLOOR) values (148,'TWO','PARKED','G');
Insert into HR.PARKING_SLOTS (SLOT_ID,VEHICLE_TYPE,STATUS,FLOOR) values (149,'TWO','PARKED','G');
Insert into HR.PARKING_SLOTS (SLOT_ID,VEHICLE_TYPE,STATUS,FLOOR) values (200,'CAR','PARKED','1');
Insert into HR.PARKING_SLOTS (SLOT_ID,VEHICLE_TYPE,STATUS,FLOOR) values (201,'CAR','EMPTY','1');
Insert into HR.PARKING_SLOTS (SLOT_ID,VEHICLE_TYPE,STATUS,FLOOR) values (202,'CAR','EMPTY','1');
Insert into HR.PARKING_SLOTS (SLOT_ID,VEHICLE_TYPE,STATUS,FLOOR) values (203,'CAR','EMPTY','1');
Insert into HR.PARKING_SLOTS (SLOT_ID,VEHICLE_TYPE,STATUS,FLOOR) values (204,'CAR','EMPTY','1');
Insert into HR.PARKING_SLOTS (SLOT_ID,VEHICLE_TYPE,STATUS,FLOOR) values (205,'CAR','EMPTY','1');
Insert into HR.PARKING_SLOTS (SLOT_ID,VEHICLE_TYPE,STATUS,FLOOR) values (206,'CAR','EMPTY','1');
Insert into HR.PARKING_SLOTS (SLOT_ID,VEHICLE_TYPE,STATUS,FLOOR) values (207,'CAR','EMPTY','1');
Insert into HR.PARKING_SLOTS (SLOT_ID,VEHICLE_TYPE,STATUS,FLOOR) values (208,'CAR','EMPTY','1');
Insert into HR.PARKING_SLOTS (SLOT_ID,VEHICLE_TYPE,STATUS,FLOOR) values (209,'CAR','EMPTY','1');
Insert into HR.PARKING_SLOTS (SLOT_ID,VEHICLE_TYPE,STATUS,FLOOR) values (210,'CAR','EMPTY','1');
Insert into HR.PARKING_SLOTS (SLOT_ID,VEHICLE_TYPE,STATUS,FLOOR) values (211,'CAR','EMPTY','1');
Insert into HR.PARKING_SLOTS (SLOT_ID,VEHICLE_TYPE,STATUS,FLOOR) values (212,'CAR','EMPTY','1');
Insert into HR.PARKING_SLOTS (SLOT_ID,VEHICLE_TYPE,STATUS,FLOOR) values (213,'CAR','EMPTY','1');
Insert into HR.PARKING_SLOTS (SLOT_ID,VEHICLE_TYPE,STATUS,FLOOR) values (214,'CAR','EMPTY','1');
Insert into HR.PARKING_SLOTS (SLOT_ID,VEHICLE_TYPE,STATUS,FLOOR) values (215,'CAR','EMPTY','1');
Insert into HR.PARKING_SLOTS (SLOT_ID,VEHICLE_TYPE,STATUS,FLOOR) values (216,'CAR','EMPTY','1');
Insert into HR.PARKING_SLOTS (SLOT_ID,VEHICLE_TYPE,STATUS,FLOOR) values (217,'CAR','EMPTY','1');
Insert into HR.PARKING_SLOTS (SLOT_ID,VEHICLE_TYPE,STATUS,FLOOR) values (218,'CAR','EMPTY','1');
Insert into HR.PARKING_SLOTS (SLOT_ID,VEHICLE_TYPE,STATUS,FLOOR) values (219,'CAR','EMPTY','1');
Insert into HR.PARKING_SLOTS (SLOT_ID,VEHICLE_TYPE,STATUS,FLOOR) values (220,'CAR','EMPTY','1');
Insert into HR.PARKING_SLOTS (SLOT_ID,VEHICLE_TYPE,STATUS,FLOOR) values (221,'CAR','EMPTY','1');
Insert into HR.PARKING_SLOTS (SLOT_ID,VEHICLE_TYPE,STATUS,FLOOR) values (222,'CAR','EMPTY','1');
Insert into HR.PARKING_SLOTS (SLOT_ID,VEHICLE_TYPE,STATUS,FLOOR) values (223,'CAR','EMPTY','1');
Insert into HR.PARKING_SLOTS (SLOT_ID,VEHICLE_TYPE,STATUS,FLOOR) values (224,'CAR','EMPTY','1');
Insert into HR.PARKING_SLOTS (SLOT_ID,VEHICLE_TYPE,STATUS,FLOOR) values (225,'CAR','EMPTY','1');
Insert into HR.PARKING_SLOTS (SLOT_ID,VEHICLE_TYPE,STATUS,FLOOR) values (300,'CAR','EMPTY','2');
Insert into HR.PARKING_SLOTS (SLOT_ID,VEHICLE_TYPE,STATUS,FLOOR) values (301,'CAR','EMPTY','2');
Insert into HR.PARKING_SLOTS (SLOT_ID,VEHICLE_TYPE,STATUS,FLOOR) values (302,'CAR','EMPTY','2');
Insert into HR.PARKING_SLOTS (SLOT_ID,VEHICLE_TYPE,STATUS,FLOOR) values (303,'CAR','PARKED','2');
Insert into HR.PARKING_SLOTS (SLOT_ID,VEHICLE_TYPE,STATUS,FLOOR) values (304,'CAR','EMPTY','2');
Insert into HR.PARKING_SLOTS (SLOT_ID,VEHICLE_TYPE,STATUS,FLOOR) values (305,'CAR','BLOCKED','2');
Insert into HR.PARKING_SLOTS (SLOT_ID,VEHICLE_TYPE,STATUS,FLOOR) values (306,'CAR','EMPTY','2');
Insert into HR.PARKING_SLOTS (SLOT_ID,VEHICLE_TYPE,STATUS,FLOOR) values (307,'CAR','EMPTY','2');
Insert into HR.PARKING_SLOTS (SLOT_ID,VEHICLE_TYPE,STATUS,FLOOR) values (308,'CAR','EMPTY','2');
Insert into HR.PARKING_SLOTS (SLOT_ID,VEHICLE_TYPE,STATUS,FLOOR) values (309,'CAR','EMPTY','2');
Insert into HR.PARKING_SLOTS (SLOT_ID,VEHICLE_TYPE,STATUS,FLOOR) values (310,'CAR','EMPTY','2');
Insert into HR.PARKING_SLOTS (SLOT_ID,VEHICLE_TYPE,STATUS,FLOOR) values (311,'CAR','EMPTY','2');
Insert into HR.PARKING_SLOTS (SLOT_ID,VEHICLE_TYPE,STATUS,FLOOR) values (312,'CAR','EMPTY','2');
Insert into HR.PARKING_SLOTS (SLOT_ID,VEHICLE_TYPE,STATUS,FLOOR) values (313,'CAR','EMPTY','2');
Insert into HR.PARKING_SLOTS (SLOT_ID,VEHICLE_TYPE,STATUS,FLOOR) values (314,'CAR','EMPTY','2');
Insert into HR.PARKING_SLOTS (SLOT_ID,VEHICLE_TYPE,STATUS,FLOOR) values (315,'CAR','EMPTY','2');
Insert into HR.PARKING_SLOTS (SLOT_ID,VEHICLE_TYPE,STATUS,FLOOR) values (316,'CAR','EMPTY','2');
Insert into HR.PARKING_SLOTS (SLOT_ID,VEHICLE_TYPE,STATUS,FLOOR) values (317,'CAR','EMPTY','2');
Insert into HR.PARKING_SLOTS (SLOT_ID,VEHICLE_TYPE,STATUS,FLOOR) values (318,'CAR','EMPTY','2');
Insert into HR.PARKING_SLOTS (SLOT_ID,VEHICLE_TYPE,STATUS,FLOOR) values (319,'CAR','EMPTY','2');
Insert into HR.PARKING_SLOTS (SLOT_ID,VEHICLE_TYPE,STATUS,FLOOR) values (320,'CAR','EMPTY','2');
Insert into HR.PARKING_SLOTS (SLOT_ID,VEHICLE_TYPE,STATUS,FLOOR) values (321,'CAR','EMPTY','2');
Insert into HR.PARKING_SLOTS (SLOT_ID,VEHICLE_TYPE,STATUS,FLOOR) values (322,'CAR','EMPTY','2');
Insert into HR.PARKING_SLOTS (SLOT_ID,VEHICLE_TYPE,STATUS,FLOOR) values (323,'CAR','EMPTY','2');
Insert into HR.PARKING_SLOTS (SLOT_ID,VEHICLE_TYPE,STATUS,FLOOR) values (324,'CAR','EMPTY','2');
Insert into HR.PARKING_SLOTS (SLOT_ID,VEHICLE_TYPE,STATUS,FLOOR) values (325,'CAR','BLOCKED','2');
Insert into HR.PARKING_SLOTS (SLOT_ID,VEHICLE_TYPE,STATUS,FLOOR) values (326,'CAR','BLOCKED','2');
Insert into HR.PARKING_SLOTS (SLOT_ID,VEHICLE_TYPE,STATUS,FLOOR) values (327,'CAR','BLOCKED','2');
Insert into HR.PARKING_SLOTS (SLOT_ID,VEHICLE_TYPE,STATUS,FLOOR) values (328,'CAR','BLOCKED','2');
Insert into HR.PARKING_SLOTS (SLOT_ID,VEHICLE_TYPE,STATUS,FLOOR) values (329,'CAR','BLOCKED','2');
Insert into HR.PARKING_SLOTS (SLOT_ID,VEHICLE_TYPE,STATUS,FLOOR) values (330,'CAR','EMPTY','2');
Insert into HR.PARKING_SLOTS (SLOT_ID,VEHICLE_TYPE,STATUS,FLOOR) values (331,'CAR','PARKED','2');
Insert into HR.PARKING_SLOTS (SLOT_ID,VEHICLE_TYPE,STATUS,FLOOR) values (332,'CAR','EMPTY','2');
Insert into HR.PARKING_SLOTS (SLOT_ID,VEHICLE_TYPE,STATUS,FLOOR) values (333,'CAR','EMPTY','2');
Insert into HR.PARKING_SLOTS (SLOT_ID,VEHICLE_TYPE,STATUS,FLOOR) values (335,'CAR','PARKED','2');
Insert into HR.PARKING_SLOTS (SLOT_ID,VEHICLE_TYPE,STATUS,FLOOR) values (234,'TWO','EMPTY','G');
Insert into HR.PARKING_SLOTS (SLOT_ID,VEHICLE_TYPE,STATUS,FLOOR) values (340,'TWO','EMPTY','G');
Insert into HR.PARKING_SLOTS (SLOT_ID,VEHICLE_TYPE,STATUS,FLOOR) values (345,'TWO','PARKED','G');
Insert into HR.PARKING_SLOTS (SLOT_ID,VEHICLE_TYPE,STATUS,FLOOR) values (334,'CAR','PARKED','2');
Insert into HR.PARKING_SLOTS (SLOT_ID,VEHICLE_TYPE,STATUS,FLOOR) values (344,'CAR','EMPTY','2');
REM INSERTING into HR.PACKAGE_REGN
SET DEFINE OFF;
Insert into HR.PACKAGE_REGN (REGISTRATION_ID,CUSTOMER_NAME,VEHICLE_REG_NO,DRIVER_MOBILE,VALID_UPTO,VEHICLE_TYPE,PRICE) values (1011,'rajesh','ts 123 ab 2334',9177889123,to_date('30-06-17','DD-MM-RR'),'CAR',3000);
Insert into HR.PACKAGE_REGN (REGISTRATION_ID,CUSTOMER_NAME,VEHICLE_REG_NO,DRIVER_MOBILE,VALID_UPTO,VEHICLE_TYPE,PRICE) values (1012,'maddy','ts 123 ab 2453',7123345669,to_date('30-06-17','DD-MM-RR'),'CAR',3000);
Insert into HR.PACKAGE_REGN (REGISTRATION_ID,CUSTOMER_NAME,VEHICLE_REG_NO,DRIVER_MOBILE,VALID_UPTO,VEHICLE_TYPE,PRICE) values (1037,'spiderman','kbf8634',123444556,to_date('30-06-17','DD-MM-RR'),'TWO',1500);
Insert into HR.PACKAGE_REGN (REGISTRATION_ID,CUSTOMER_NAME,VEHICLE_REG_NO,DRIVER_MOBILE,VALID_UPTO,VEHICLE_TYPE,PRICE) values (1032,'superman','ts 123 ab 2334',9177123345,to_date('30-06-17','DD-MM-RR'),'TWO',1500);
Insert into HR.PACKAGE_REGN (REGISTRATION_ID,CUSTOMER_NAME,VEHICLE_REG_NO,DRIVER_MOBILE,VALID_UPTO,VEHICLE_TYPE,PRICE) values (1033,'ironman','ts 123ad1234',7123345669,to_date('30-06-17','DD-MM-RR'),'CAR',3000);
Insert into HR.PACKAGE_REGN (REGISTRATION_ID,CUSTOMER_NAME,VEHICLE_REG_NO,DRIVER_MOBILE,VALID_UPTO,VEHICLE_TYPE,PRICE) values (1038,'Naveen','ap0812',8888991221,to_date('30-06-17','DD-MM-RR'),'TWO',1500);
Insert into HR.PACKAGE_REGN (REGISTRATION_ID,CUSTOMER_NAME,VEHICLE_REG_NO,DRIVER_MOBILE,VALID_UPTO,VEHICLE_TYPE,PRICE) values (1045,'faizan123','tsad23ts',1233333333,to_date('01-07-17','DD-MM-RR'),'TWO',1500);
Insert into HR.PACKAGE_REGN (REGISTRATION_ID,CUSTOMER_NAME,VEHICLE_REG_NO,DRIVER_MOBILE,VALID_UPTO,VEHICLE_TYPE,PRICE) values (1046,'keerthana','123451212',9876543210,to_date('01-07-17','DD-MM-RR'),'TWO',1502);
REM INSERTING into HR.REGD_USERS
SET DEFINE OFF;
Insert into HR.REGD_USERS (USERNAME,PASSWORD,ROLE,FULLNAME) values ('yogi','yogi','OPERATOR','YUGANDHAR');
Insert into HR.REGD_USERS (USERNAME,PASSWORD,ROLE,FULLNAME) values ('maddy','maddy','BUSINESSMAN','MAHANDER');
Insert into HR.REGD_USERS (USERNAME,PASSWORD,ROLE,FULLNAME) values ('yogi@123','yogi@123','OPERATOR','yugandhar');
--------------------------------------------------------
--  DDL for Index TABLE1_PK
--------------------------------------------------------

  CREATE UNIQUE INDEX "HR"."TABLE1_PK" ON "HR"."PARKING_ENTRY_EXIT" ("PARKING_ID") 
  PCTFREE 10 INITRANS 2 MAXTRANS 255 COMPUTE STATISTICS 
  STORAGE(INITIAL 65536 NEXT 1048576 MINEXTENTS 1 MAXEXTENTS 2147483645
  PCTINCREASE 0 FREELISTS 1 FREELIST GROUPS 1 BUFFER_POOL DEFAULT FLASH_CACHE DEFAULT CELL_FLASH_CACHE DEFAULT)
  TABLESPACE "USERS" ;
--------------------------------------------------------
--  DDL for Index PARKING_RATES_PK
--------------------------------------------------------

  CREATE UNIQUE INDEX "HR"."PARKING_RATES_PK" ON "HR"."PARKING_RATES" ("VEHICLE_TYPE") 
  PCTFREE 10 INITRANS 2 MAXTRANS 255 COMPUTE STATISTICS 
  STORAGE(INITIAL 65536 NEXT 1048576 MINEXTENTS 1 MAXEXTENTS 2147483645
  PCTINCREASE 0 FREELISTS 1 FREELIST GROUPS 1 BUFFER_POOL DEFAULT FLASH_CACHE DEFAULT CELL_FLASH_CACHE DEFAULT)
  TABLESPACE "USERS" ;
--------------------------------------------------------
--  DDL for Index PARKING_SLOTS_PK
--------------------------------------------------------

  CREATE UNIQUE INDEX "HR"."PARKING_SLOTS_PK" ON "HR"."PARKING_SLOTS" ("SLOT_ID") 
  PCTFREE 10 INITRANS 2 MAXTRANS 255 COMPUTE STATISTICS 
  STORAGE(INITIAL 65536 NEXT 1048576 MINEXTENTS 1 MAXEXTENTS 2147483645
  PCTINCREASE 0 FREELISTS 1 FREELIST GROUPS 1 BUFFER_POOL DEFAULT FLASH_CACHE DEFAULT CELL_FLASH_CACHE DEFAULT)
  TABLESPACE "USERS" ;
--------------------------------------------------------
--  DDL for Index REGD_USERS_PK
--------------------------------------------------------

  CREATE UNIQUE INDEX "HR"."REGD_USERS_PK" ON "HR"."REGD_USERS" ("USERNAME") 
  PCTFREE 10 INITRANS 2 MAXTRANS 255 COMPUTE STATISTICS 
  STORAGE(INITIAL 65536 NEXT 1048576 MINEXTENTS 1 MAXEXTENTS 2147483645
  PCTINCREASE 0 FREELISTS 1 FREELIST GROUPS 1 BUFFER_POOL DEFAULT FLASH_CACHE DEFAULT CELL_FLASH_CACHE DEFAULT)
  TABLESPACE "USERS" ;
--------------------------------------------------------
--  Constraints for Table PARKING_ENTRY_EXIT
--------------------------------------------------------

  ALTER TABLE "HR"."PARKING_ENTRY_EXIT" ADD CONSTRAINT "CHECH_PAYMENT" CHECK (PAYMENT_MODE in('CASH','CARD','PACKAGE')) ENABLE;
  ALTER TABLE "HR"."PARKING_ENTRY_EXIT" ADD CONSTRAINT "TABLE1_PK" PRIMARY KEY ("PARKING_ID")
  USING INDEX PCTFREE 10 INITRANS 2 MAXTRANS 255 COMPUTE STATISTICS 
  STORAGE(INITIAL 65536 NEXT 1048576 MINEXTENTS 1 MAXEXTENTS 2147483645
  PCTINCREASE 0 FREELISTS 1 FREELIST GROUPS 1 BUFFER_POOL DEFAULT FLASH_CACHE DEFAULT CELL_FLASH_CACHE DEFAULT)
  TABLESPACE "USERS"  ENABLE;
  ALTER TABLE "HR"."PARKING_ENTRY_EXIT" MODIFY ("ENTRY_TIME" NOT NULL ENABLE);
  ALTER TABLE "HR"."PARKING_ENTRY_EXIT" MODIFY ("DRIVER_MOBILE" NOT NULL ENABLE);
  ALTER TABLE "HR"."PARKING_ENTRY_EXIT" MODIFY ("VEHICLE_REG_NO" NOT NULL ENABLE);
  ALTER TABLE "HR"."PARKING_ENTRY_EXIT" MODIFY ("SLOT_ID" NOT NULL ENABLE);
  ALTER TABLE "HR"."PARKING_ENTRY_EXIT" MODIFY ("PARKING_ID" NOT NULL ENABLE);
--------------------------------------------------------
--  Constraints for Table PARKING_RATES
--------------------------------------------------------

  ALTER TABLE "HR"."PARKING_RATES" ADD CONSTRAINT "CHECH_VEHICLE_TYPE" CHECK (vehicle_type in ('two','car')) ENABLE;
  ALTER TABLE "HR"."PARKING_RATES" ADD CONSTRAINT "PARKING_RATES_PK" PRIMARY KEY ("VEHICLE_TYPE")
  USING INDEX PCTFREE 10 INITRANS 2 MAXTRANS 255 COMPUTE STATISTICS 
  STORAGE(INITIAL 65536 NEXT 1048576 MINEXTENTS 1 MAXEXTENTS 2147483645
  PCTINCREASE 0 FREELISTS 1 FREELIST GROUPS 1 BUFFER_POOL DEFAULT FLASH_CACHE DEFAULT CELL_FLASH_CACHE DEFAULT)
  TABLESPACE "USERS"  ENABLE;
  ALTER TABLE "HR"."PARKING_RATES" MODIFY ("RATE_PER_HOUR" NOT NULL ENABLE);
  ALTER TABLE "HR"."PARKING_RATES" MODIFY ("VEHICLE_TYPE" NOT NULL ENABLE);
--------------------------------------------------------
--  Constraints for Table PARKING_SLOTS
--------------------------------------------------------

  ALTER TABLE "HR"."PARKING_SLOTS" MODIFY ("SLOT_ID" NOT NULL ENABLE);
  ALTER TABLE "HR"."PARKING_SLOTS" MODIFY ("VEHICLE_TYPE" NOT NULL ENABLE);
  ALTER TABLE "HR"."PARKING_SLOTS" MODIFY ("STATUS" NOT NULL ENABLE);
  ALTER TABLE "HR"."PARKING_SLOTS" MODIFY ("FLOOR" NOT NULL ENABLE);
  ALTER TABLE "HR"."PARKING_SLOTS" ADD CONSTRAINT "PARKING_SLOTS_PK" PRIMARY KEY ("SLOT_ID")
  USING INDEX PCTFREE 10 INITRANS 2 MAXTRANS 255 COMPUTE STATISTICS 
  STORAGE(INITIAL 65536 NEXT 1048576 MINEXTENTS 1 MAXEXTENTS 2147483645
  PCTINCREASE 0 FREELISTS 1 FREELIST GROUPS 1 BUFFER_POOL DEFAULT FLASH_CACHE DEFAULT CELL_FLASH_CACHE DEFAULT)
  TABLESPACE "USERS"  ENABLE;
  ALTER TABLE "HR"."PARKING_SLOTS" ADD CONSTRAINT "CHECK_VECHICLE_TYPE" CHECK (VEHICLE_TYPE IN ('TWO', 'CAR')) ENABLE;
  ALTER TABLE "HR"."PARKING_SLOTS" ADD CONSTRAINT "CHECK_STATUS" CHECK (STATUS IN ('PARKED','EMPTY','BLOCKED','MAINTENANCE')) ENABLE;
  ALTER TABLE "HR"."PARKING_SLOTS" ADD CONSTRAINT "CHECK_FLOOR" CHECK (FLOOR IN('G','1','2')) ENABLE;
--------------------------------------------------------
--  Constraints for Table PACKAGE_REGN
--------------------------------------------------------

  ALTER TABLE "HR"."PACKAGE_REGN" MODIFY ("PRICE" NOT NULL ENABLE);
  ALTER TABLE "HR"."PACKAGE_REGN" ADD CONSTRAINT "CHECK_VECHILE_TYPE" CHECK (VEHICLE_TYPE in ('CAR','TWO')) ENABLE;
  ALTER TABLE "HR"."PACKAGE_REGN" MODIFY ("VEHICLE_TYPE" NOT NULL ENABLE);
  ALTER TABLE "HR"."PACKAGE_REGN" MODIFY ("VALID_UPTO" NOT NULL ENABLE);
  ALTER TABLE "HR"."PACKAGE_REGN" MODIFY ("DRIVER_MOBILE" NOT NULL ENABLE);
  ALTER TABLE "HR"."PACKAGE_REGN" MODIFY ("VEHICLE_REG_NO" NOT NULL ENABLE);
  ALTER TABLE "HR"."PACKAGE_REGN" MODIFY ("CUSTOMER_NAME" NOT NULL ENABLE);
  ALTER TABLE "HR"."PACKAGE_REGN" MODIFY ("REGISTRATION_ID" NOT NULL ENABLE);
--------------------------------------------------------
--  Constraints for Table REGD_USERS
--------------------------------------------------------

  ALTER TABLE "HR"."REGD_USERS" MODIFY ("USERNAME" NOT NULL ENABLE);
  ALTER TABLE "HR"."REGD_USERS" MODIFY ("ROLE" NOT NULL ENABLE);
  ALTER TABLE "HR"."REGD_USERS" ADD CONSTRAINT "REGD_USERS_PK" PRIMARY KEY ("USERNAME")
  USING INDEX PCTFREE 10 INITRANS 2 MAXTRANS 255 COMPUTE STATISTICS 
  STORAGE(INITIAL 65536 NEXT 1048576 MINEXTENTS 1 MAXEXTENTS 2147483645
  PCTINCREASE 0 FREELISTS 1 FREELIST GROUPS 1 BUFFER_POOL DEFAULT FLASH_CACHE DEFAULT CELL_FLASH_CACHE DEFAULT)
  TABLESPACE "USERS"  ENABLE;
  ALTER TABLE "HR"."REGD_USERS" MODIFY ("PASSWORD" NOT NULL ENABLE);
  ALTER TABLE "HR"."REGD_USERS" MODIFY ("FULLNAME" NOT NULL ENABLE);
  ALTER TABLE "HR"."REGD_USERS" ADD CONSTRAINT "CHECK_ROLE" CHECK (ROLE  IN('OPERATOR','MANAGER','BUSINESSMAN')) ENABLE;

--------------------------------------------------------
--  DDL for Sequence REGISTRATION_ID_SEQ
--------------------------------------------------------

CREATE SEQUENCE  "HR"."REGISTRATION_ID_SEQ"  MINVALUE 1 MAXVALUE 9999999999999999999999999999 INCREMENT BY 1 START WITH 1060 CACHE 20 NOORDER  NOCYCLE ;

--------------------------------------------------------
--  DDL for Sequence PARKING_SEQ
--------------------------------------------------------

CREATE SEQUENCE  "HR"."PARKING_SEQ"  MINVALUE 1 MAXVALUE 9999999999999999999999999999 INCREMENT BY 1 START WITH 340 CACHE 20 NOORDER  NOCYCLE ;
